Date,Amount,Payee,Particulars,Code,Reference,Transaction Type
01/09/2026,1800.00,K HAWKINS,BOND,BLK2,2/8 MANUKA RD,Direct Credit
07/09/2026,720.00,A NGATA,RENT,,NGATA MTE14,Automatic Payment
07/09/2026,650.00,D KIM,,,KIM PON7,Automatic Payment
07/09/2026,1220.00,M FIFITA,FORTNIGHT,,FIFITA GLN22,Automatic Payment
07/09/2026,680.00,R PATEL,RENT,,PATEL HND5,Automatic Payment
07/09/2026,780.00,J LEE,RENT,,CLARKE TAK9,Automatic Payment
07/09/2026,560.00,T WRIGHT,,,WRIGHT ONE3,Automatic Payment
07/09/2026,590.00,A TUPOU,RENT,,TUPOU PAP18,Automatic Payment
07/09/2026,850.00,H LEE,RENT,,LEE MRB6,Automatic Payment
07/09/2026,760.00,G CHEN,RENT,,CHEN HOW30,Automatic Payment
08/09/2026,540.00,L OBRIEN,,,OBRIEN NLN11,Direct Credit
08/09/2026,600.00,W PARATA,,,parata avd25,Direct Credit
09/09/2026,-520.00,ACME CLEANING CO,INV 7781,HOW30,END OF TENANCY,Bill Payment
10/09/2026,-760.00,G CHEN,REFUND,HOW30,RENT 07 SEP,Bill Payment
11/09/2026,495.00,B HARRIS,RENT,,12 FERN ST,Direct Credit
14/09/2026,720.00,AROHA NGATA,,,ngata mte14,Direct Credit
14/09/2026,650.00,D KIM,,,KIM PON7,Automatic Payment
14/09/2026,650.00,D KIM,,,KIM PON7,Automatic Payment
14/09/2026,680.00,R PATEL,RENT,,PATEL HND5,Automatic Payment
14/09/2026,780.00,J LEE,,,clarke tak9 rent,Automatic Payment
14/09/2026,510.00,T WRIGHT,,,WRIGHT ONE3,Automatic Payment
14/09/2026,540.00,LIAM O'BRIEN,,,O'Brien NLN11,Direct Credit
14/09/2026,850.00,H LEE,RENT,,LEE MRB6,Automatic Payment
15/09/2026,590.00,"TUPOU, A",RENT,,tupou pap18,Direct Credit
15/09/2026,600.00,W PARATA,,,PARATA AVD25,Direct Credit
15/09/2026,-220.00,ACME PLUMBING LTD,INV 1042,PON7,KITCHEN MIXER,Bill Payment
18/09/2026,-395.00,ACME ELECTRICAL,INV 2210,GLN22,SMOKE ALARMS,Bill Payment
21/09/2026,720.00,A NGATA,RENT,WK3,RENT NGATA MTE14,Automatic Payment
21/09/2026,650.00,"KIM, D",,,Kim Pon7,Automatic Payment
21/09/2026,1220.00,MELE FIFITA,FORTNIGHT,,fifita gln22,Automatic Payment
21/09/2026,680.00,RAJESH PATEL,,,SEPT RENT,Direct Credit
21/09/2026,780.00,J LEE,,,,Direct Credit
21/09/2026,560.00,T WRIGHT,,,WRIGHT ONE3,Automatic Payment
21/09/2026,900.00,H LEE,RENT,,LEE MRB6,Direct Credit
21/09/2026,600.00,WIREMU PARATA,RENT,,PARATA AVD25,Direct Credit
22/09/2026,590.00,A TUPOU,RENT,,TUPOU PAP18,Automatic Payment
22/09/2026,-95.00,ACME GARDENS,INV 0311,HOW30,LAWNS,Bill Payment
24/09/2026,610.00,SIONE M,MELE RENT,,,Direct Credit
25/09/2026,35.00,ACME ELECTRICAL,CREDIT NOTE,GLN22,CN 2210,Direct Credit
28/09/2026,720.00,TE AWA M,,,14 KOWHAI RD,Direct Credit
28/09/2026,650.00,D KIM,,,KIM PON7,Automatic Payment
28/09/2026,680.00,R PATEL,RENT,,PATEL HND5,Automatic Payment
28/09/2026,780.00,S CLARKE,RENT,,CLARKE TAK9,Direct Credit
28/09/2026,560.00,T WRIGHT,,,WRIGHT ONE3,Automatic Payment
28/09/2026,850.00,H LEE,RENT,,LEE MRB6,Automatic Payment
29/09/2026,590.00,A TUPOU,RENT,,TUPOU PAP18,Automatic Payment
29/09/2026,600.00,W PARATA,,,PARATA AVD25,Direct Credit
30/09/2026,-5.00,,MONTHLY A/C FEE,,,Bank Fee
30/09/2026,-2.40,,TRANSACTION FEES,,,Bank Fee
30/09/2026,-9000.00,OWNER DISBURSEMENTS,SEP 2026,,TRUST TFR,Transfer
